counter,title
1,A Gentle Introduction to Early Stopping to Avoid Overtraining Deep Learning Neural Network Models
2,How to Reduce Overfitting With Dropout Regularization in Keras
3,A Gentle Introduction to Dropout for Regularizing Deep Neural Networks
4,How to Reduce Generalization Error in Deep Neural Networks With Activity Regularization in Keras
5,Activation Regularization for Reducing Generalization Error in Deep Learning Neural Networks
6,How to Reduce Overfitting in Deep Neural Networks Using Weight Constraints in Keras
7,A Gentle Introduction to Weight Constraints to Reduce Generalization Error in Deep Learning
8,How to Reduce Overfitting of a Deep Learning Model with Weight Regularization
9,Use Weight Regularization to Reduce Overfitting of Deep Learning Models
10,How to Grid Search Deep Learning Models for Time Series Forecasting
11,How to Develop LSTM Models for Time Series Forecasting
12,How to Develop Convolutional Neural Network Models for Time Series Forecasting
13,How to Develop Multilayer Perceptron Models for Time Series Forecasting
14,How to Use the TimeseriesGenerator for Time Series Forecasting in Keras
15,A Gentle Introduction to LSTM Autoencoders
16,LSTM Model Architecture for Rare Event Time Series Forecasting
17,Results From Comparing Classical and Machine Learning Methods for Time Series Forecasting
18,How to Develop Deep Learning Models for Univariate Time Series Forecasting
19,How to Grid Search Naive Methods for Univariate Time Series Forecasting
20,How to Grid Search SARIMA Model Hyperparameters for Time Series Forecasting in Python
21,How to Grid Search Triple Exponential Smoothing for Time Series Forecasting in Python
22,How to Develop Machine Learning Models for Multivariate Multi-Step Air Pollution Time Series Forecasting
23,How to Develop Autoregressive Forecasting Models for Multi-Step Air Pollution Time Series Forecasting
24,How to Develop Baseline Forecasts for Multi-Site Multivariate Air Pollution Time Series Forecasting
25,"How to Load, Visualize, and Explore a Complex Multivariate Multistep Time Series Forecasting Dataset"
26,How to Develop LSTM Models for Multi-Step Time Series Forecasting of Household Power Consumption
27,How to Develop Convolutional Neural Networks for Multi-Step Time Series Forecasting
28,Multi-step Time Series Forecasting with Machine Learning for Household Electricity Consumption
29,How to Develop an Autoregression Forecast Model for Household Electricity Consumption
30,How to Develop and Evaluate Naive Methods for Forecasting Household Electricity Consumption
31,How to Load and Explore Household Electricity Usage Data
32,Deep Learning Models for Human Activity Recognition
33,How to Develop RNN Models for Human Activity Recognition Time Series Classification
34,How to Develop 1D Convolutional Neural Network Models for Human Activity Recognition
35,How to Evaluate Machine Learning Algorithms for Human Activity Recognition
36,How to Model Human Activity From Smartphone Data
37,How to Develop a Reusable Framework to Spot-Check Algorithms in Python
38,A Gentle Introduction to a Standard Human Activity Recognition Problem
39,Indoor Movement Time Series Classification with Machine Learning Algorithms
40,How to Develop a Probabilistic Forecasting Model to Predict Air Pollution Days
41,A Gentle Introduction to Probability Scoring Methods in Python
42,How to Get Started with Deep Learning for Time Series Forecasting (7-Day Mini-Course)
43,How and When to Use a Calibrated Classification Model with scikit-learn
44,How and When to Use ROC Curves and Precision-Recall Curves for Classification in Python
45,How to Predict Room Occupancy Based on Environmental Factors
46,How to Predict Whether a Persons Eyes are Open or Closed Using Brain Waves
47,How to Model Volatility with ARCH and GARCH for Time Series Forecasting in Python
48,4 Common Machine Learning Data Transforms for Time Series Forecasting
49,A Gentle Introduction to Exponential Smoothing for Time Series Forecasting in Python
50,A Gentle Introduction to SARIMA for Time Series Forecasting in Python
51,15 Statistical Hypothesis Tests in Python (Cheat Sheet)
52,How to Reduce Variance in a Final Machine Learning Model
53,How to Develop a Skillful Machine Learning Time Series Forecasting Model
54,Taxonomy of Time Series Forecasting Problems
55,11 Classical Time Series Forecasting Methods in Python (Cheat Sheet)
56,Statistics for Machine Learning (7-Day Mini-Course)
57,Why Initialize a Neural Network with Random Weights?
58,How to Code the Student’s t-Test from Scratch in Python
59,How to Configure the Number of Layers and Nodes in a Neural Network
60,How to Calculate McNemar’s Test to Compare Two Machine Learning Classifiers
61,"When to Use MLP, CNN, and RNN Neural Networks"
62,What is the Difference Between a Batch and an Epoch in a Neural Network?
63,The Role of Randomization to Address Confounding Variables in Machine Learning
64,All of Statistics for Machine Learning
65,A Gentle Introduction to Statistical Power and Power Analysis in Python
66,A Gentle Introduction to Effect Size Measures in Python
67,How to Calculate Nonparametric Rank Correlation in Python
68,Statistics in Plain English for Machine Learning
69,How to Generate Random Numbers in Python
70,Statistics for Evaluating Machine Learning Models
71,The Close Relationship Between Applied Statistics and Machine Learning
72,What is Statistics (and why is it important in machine learning)?
73,10 Examples of How to Use Statistical Methods in a Machine Learning Project
74,Controlled Experiments in Machine Learning
75,Statistical Significance Tests for Comparing Machine Learning Algorithms
76,A Gentle Introduction to the Chi-Squared Test for Machine Learning
77,How to Calculate the 5-Number Summary for Your Data in Python
78,A Gentle Introduction to Statistical Sampling and Resampling
79,Critical Values for Statistical Hypothesis Testing and How to Calculate Them in Python
80,A Gentle Introduction to Statistical Data Distributions
81,A Gentle Introduction to Data Visualization Methods in Python
82,A Gentle Introduction to Estimation Statistics for Machine Learning
83,A Gentle Introduction to Statistical Tolerance Intervals in Machine Learning
84,Prediction Intervals for Machine Learning
85,Confidence Intervals for Machine Learning
86,A Gentle Introduction to the Bootstrap Method
87,A Gentle Introduction to k-fold Cross-Validation
88,How to Transform Data to Better Fit The Normal Distribution
89,How to Use Parametric Statistical Significance Tests in Python
90,Introduction to Nonparametric Statistical Significance Tests in Python
91,A Gentle Introduction to Statistical Hypothesis Tests
92,A Gentle Introduction to Normality Tests in Python
93,A Gentle Introduction to Nonparametric Statistics
94,Statistics Books for Machine Learning
95,A Gentle Introduction to the Central Limit Theorem for Machine Learning
96,A Gentle Introduction to the Law of Large Numbers in Machine Learning
97,A Gentle Introduction to Calculating Normal Summary Statistics
98,How to Use Correlation to Understand the Relationship Between Variables
99,How to Use Statistics to Identify Outliers in Data
100,Introduction to Random Number Generators for Machine Learning in Python
101,How To Know if Your Machine Learning Model Has Good Performance
102,The Model Performance Mismatch Problem (and what to do about it)
103,How to Get the Most From Your Machine Learning Data
104,Analytical vs Numerical Solutions in Machine Learning
105,Machine Learning Development Environment
106,How to Make Predictions with Keras
107,How to Make Predictions with scikit-learn
108,"So, You are Working on a Machine Learning Problem…"
109,How to Think About Machine Learning
110,"Start With Gradient Boosting, Results from Comparing 13 Algorithms on 165 Datasets"
111,You’re Doing it Wrong. Why Machine Learning Does Not Have to Be So Hard
112,Basics of Mathematical Notation for Machine Learning
113,Linear Algebra for Machine Learning (7-Day Mini-Course)
114,Computational Linear Algebra for Coders Review
115,Linear Algebra for Deep Learning
116,A Gentle Introduction to Sparse Matrices for Machine Learning
117,A Gentle Introduction to Broadcasting with NumPy Arrays
118,10 Examples of Linear Algebra in Machine Learning
119,No Bullshit Guide To Linear Algebra Review
120,How to Solve Linear Regression Using Linear Algebra
121,How to Calculate the Principal Component Analysis from Scratch in Python
122,"A Gentle Introduction to Expected Value, Variance, and Covariance with NumPy"
123,A Gentle Introduction to Singular-Value Decomposition for Machine Learning
124,Linear Algebra Cheat Sheet for Machine Learning
125,Top Resources for Learning Linear Algebra for Machine Learning
126,"Gentle Introduction to Eigendecomposition, Eigenvalues, and Eigenvectors for Machine Learning"
127,A Gentle Introduction to Matrix Factorization for Machine Learning
128,A Gentle Introduction to Tensors for Machine Learning with NumPy
129,A Gentle Introduction to Matrix Operations for Machine Learning
130,Introduction to Matrix Types in Linear Algebra for Machine Learning
131,Introduction to Matrices and Matrix Arithmetic for Machine Learning
132,Gentle Introduction to Vector Norms in Machine Learning
133,A Gentle Introduction to Vectors for Machine Learning
134,A Gentle Introduction to N-Dimensional Arrays in Python with NumPy
135,5 Reasons to Learn Linear Algebra for Machine Learning
136,A Gentle Introduction to Linear Algebra
137,Why Do Machine Learning Algorithms Work on Data That They Have Not Seen Before?
138,How to Run Deep Learning Experiments on a Linux Server
139,"A Standard Multivariate, Multi-Step, and Multi-Site Time Series Forecasting Problem"
140,How to Install XGBoost for Python on macOS
141,How to Generate Test Datasets in Python with scikit-learn
142,How to Develop an N-gram Multichannel Convolutional Neural Network for Sentiment Analysis
143,How to Develop a Neural Machine Translation System from Scratch
144,How to Prepare a French-to-English Dataset for Machine Translation
145,How to Implement a Beam Search Decoder for Natural Language Processing
146,How to Configure an Encoder-Decoder Model for Neural Machine Translation
147,Encoder-Decoder Recurrent Neural Network Models for Neural Machine Translation
148,A Gentle Introduction to Neural Machine Translation
149,Caption Generation with the Inject and Merge Architectures for the Encoder-Decoder Model
150,A Gentle Introduction to Applied Machine Learning as a Search Problem
151,Why Applied Machine Learning Is Hard
152,A Gentle Introduction to Transfer Learning for Deep Learning
153,A Gentle Introduction to Exploding Gradients in Neural Networks
154,A Gentle Introduction to Concept Drift in Machine Learning
155,How to Visualize a Deep Learning Neural Network Model in Keras
156,Difference Between Classification and Regression in Machine Learning
157,Encoder-Decoder Models for Text Summarization in Keras
158,What is Teacher Forcing for Recurrent Neural Networks?
159,How to Prepare News Articles for Text Summarization
160,Encoder-Decoder Deep Learning Models for Text Summarization
161,A Gentle Introduction to Text Summarization
162,How to Develop a Deep Learning Photo Caption Generator from Scratch
163,How to Use Small Experiments to Develop a Caption Generation Model in Keras
164,A Gentle Introduction to Deep Learning Caption Generation Models
165,A Gentle Introduction to Calculating the BLEU Score for Text in Python
166,How to Prepare Univariate Time Series Data for Long Short-Term Memory Networks
167,How to Prepare a Photo Caption Dataset for Training a Deep Learning Model
168,How to Automatically Generate Textual Descriptions for Photographs with Deep Learning
169,How to Develop a Word-Level Neural Language Model and Use it to Generate Text
170,How to Use The Pre-Trained VGG Model to Classify Objects in Photographs
171,How to Get Started with Deep Learning for Natural Language Processing (7-Day Mini-Course)
172,How to Develop a Character-Based Neural Language Model in Keras
173,How to Develop Word-Based Neural Language Models in Python with Keras
174,How to Develop an Encoder-Decoder Model for Sequence-to-Sequence Prediction in Keras
175,Gentle Introduction to Statistical Language Modeling and Neural Language Models
176,Gentle Introduction to Global Attention for Encoder-Decoder Recurrent Neural Networks
177,How to Develop a Word Embedding Model for Predicting Movie Review Sentiment
178,How to Use the Keras Functional API for Deep Learning
179,How to Define an Encoder-Decoder Sequence-to-Sequence Model for Neural Machine Translation in Keras
180,"How to Index, Slice and Reshape NumPy Arrays for Machine Learning in Python"
181,Understand the Difference Between Return Sequences and Return States for LSTMs in Keras
182,Best Practices for Document Classification with Deep Learning
183,How to Develop a Deep Learning Bag-of-Words Model for Predicting Movie Review Sentiment
184,Implementation Patterns for the Encoder-Decoder RNN Architecture with Attention
185,How to Clean Text for Machine Learning with Python
186,How to Develop an Encoder-Decoder Model with Attention for Sequence-to-Sequence Prediction in Keras
187,How to Prepare Movie Review Data for Sentiment Analysis
188,How Does Attention Work in Encoder-Decoder Recurrent Neural Networks
189,What Are Word Embeddings for Text?
190,A Gentle Introduction to the Bag-of-Words Model
191,How to Develop Word Embeddings in Python with Gensim
192,How to Use Word Embedding Layers for Deep Learning with Keras
193,How to Prepare Text Data for Deep Learning with Keras
194,How to Prepare Text Data for Machine Learning with scikit-learn
195,Datasets for Natural Language Processing
196,Promise of Deep Learning for Natural Language Processing
197,What Is Natural Language Processing?
198,7 Applications of Deep Learning for Natural Language Processing
199,Gentle Introduction to Transduction in Machine Learning
200,Primer on Neural Network Models for Natural Language Processing
201,Oxford Course on Deep Learning for Natural Language Processing
202,Review of Stanford Course on Deep Learning for Natural Language Processing
203,Top Books on Natural Language Processing
204,A Gentle Introduction to RNN Unrolling
205,Making Predictions with Sequences
206,How to Diagnose Overfitting and Underfitting of LSTM Models
207,How to Reshape Input Data for Long Short-Term Memory Networks in Keras
208,How to Make Predictions with Long Short-Term Memory Models in Keras
209,Gentle Introduction to Generative Long Short-Term Memory Networks
210,Encoder-Decoder Long Short-Term Memory Networks
211,CNN Long Short-Term Memory Networks
212,Stacked Long Short-Term Memory Networks
213,Mini-Course on Long Short-Term Memory Recurrent Neural Networks with Keras
214,Multivariate Time Series Forecasting with LSTMs in Keras
215,Get the Most out of LSTMs on Your Sequence Prediction Problem
216,How to Use Metrics for Deep Learning with Keras in Python
217,10 Command Line Recipes for Deep Learning on Amazon Web Services
218,How to Plan and Run Machine Learning Experiments Systematically
219,9 Ways to Get Help with Deep Learning in Keras
220,How to Get Good Results Fast with Deep Learning for Time Series Forecasting
221,Why One-Hot Encode Data in Machine Learning?
222,What is the Difference Between a Parameter and a Hyperparameter?
223,How Much Training Data is Required for Machine Learning?
224,A Gentle Introduction to Mini-Batch Gradient Descent and How to Configure Batch Size
225,5 Examples of Simple Sequence Prediction Problems for Learning LSTM Recurrent Neural Networks
226,Gentle Introduction to Models for Sequence Prediction with Recurrent Neural Networks
227,What is the Difference Between Test and Validation Datasets?
228,How to One Hot Encode Sequence Data in Python
229,How to Remove Trends and Seasonality with a Difference Transform in Python
230,How to Scale Data for Long Short-Term Memory Networks in Python
231,A Tour of Recurrent Neural Network Algorithms for Deep Learning
232,Gentle Introduction to the Adam Optimization Algorithm for Deep Learning
233,Attention in Long Short-Term Memory Recurrent Neural Networks
234,How to Prepare Sequence Prediction for Truncated Backpropagation Through Time in Keras
235,How to Handle Very Long Sequences with Long Short-Term Memory Recurrent Neural Networks
236,A Gentle Introduction to Backpropagation Through Time
237,How to Handle Missing Timesteps in Sequence Prediction Problems with Python
238,Data Preparation for Variable Length Input Sequences
239,How to Develop a Bidirectional LSTM For Sequence Classification in Python with Keras
240,How to Get Reproducible Results with Keras
241,How to use an Encoder-Decoder LSTM to Echo Sequences of Random Integers
242,How to Learn to Echo Random Integers with Long Short-Term Memory Recurrent Neural Networks
243,The 5 Step Life-Cycle for Long Short-Term Memory Models in Keras
244,How to Calculate Bootstrap Confidence Intervals For Machine Learning Results in Python
245,How to Report Classifier Performance with Confidence Intervals
246,How to Evaluate the Skill of Deep Learning Models
247,7 Ways to Handle Large Data Files for Machine Learning
248,On the Suitability of Long Short-Term Memory Networks for Time Series Forecasting
249,A Gentle Introduction to Long Short-Term Memory Networks by the Experts
250,The Promise of Recurrent Neural Networks for Time Series Forecasting
251,Learn to Add Numbers with an Encoder-Decoder LSTM Recurrent Neural Network
252,How to Use the TimeDistributed Layer for Long Short-Term Memory Networks in Python
253,How to use Different Batch Sizes when Training and Predicting with LSTMs
254,Demonstration of Memory with a Long Short-Term Memory Network in Python
255,Multi-step Time Series Forecasting with Long Short-Term Memory Networks in Python
256,How to Convert a Time Series to a Supervised Learning Problem in Python
257,How to Use Weight Regularization with LSTM Networks for Time Series Forecasting
258,How to Use Statistical Significance Tests to Interpret Machine Learning Results
259,Estimate the Number of Experiment Repeats for Stochastic Machine Learning Algorithms
260,How to Use Dropout with LSTM Networks for Time Series Forecasting
261,Exploratory Configuration of a Multilayer Perceptron Network for Time Series Forecasting
262,Instability of Online Learning for Stateful LSTM for Time Series Forecasting
263,Stateful and Stateless LSTM for Time Series Forecasting with Python
264,How to Use Features in LSTM Networks for Time Series Forecasting
265,How to Use Timesteps in LSTM Networks for Time Series Forecasting
266,How to Update LSTM Networks During Training for Time Series Forecasting
267,How to Tune LSTM Hyperparameters with Keras for Time Series Forecasting
268,How to Seed State for LSTMs for Time Series Forecasting in Python
269,Time Series Forecasting with the Long Short-Term Memory Network in Python
270,Seasonal Persistence Forecasting With Python
271,How to Tune ARIMA Parameters in Python
272,Simple Time Series Forecasting Models to Test So That You Don’t Fool Yourself
273,Feature Selection for Time Series Forecasting with Python
274,Sensitivity Analysis of History Size to Forecast Skill with ARIMA in Python
275,How to Make Out-of-Sample Forecasts with ARIMA in Python
276,Time Series Forecasting with Python 7-Day Mini-Course
277,How to Handle Missing Data with Python
278,How to Train a Final Machine Learning Model
279,How to Install a Python 3 Environment on Mac OS X for Machine Learning and Deep Learning
280,How to Setup a Python Environment for Machine Learning and Deep Learning with Anaconda
281,How to Get Started with Kaggle
282,4 Strategies for Multi-Step Time Series Forecasting
283,White Noise Time Series with Python
284,Python Environment for Time Series Forecasting
285,10 Challenging Machine Learning Time Series Forecasting Problems
286,How to Create a Linux Virtual Machine For Machine Learning Development With Python 3
287,How to Save an ARIMA Time Series Forecasting Model in Python
288,How to Difference a Time Series Dataset with Python
289,Time Series Forecast Study with Python: Monthly Sales of French Champagne
290,How Álvaro Lemos got a Machine Learning Internship on a Data Science Team
291,Time Series Forecast Case Study with Python: Annual Water Usage in Baltimore
292,Time Series Forecast Case Study with Python: Monthly Armed Robberies in Boston
293,Understand Time Series Forecast Uncertainty Using Confidence Intervals with Python
294,How to Make Manual Predictions for ARIMA Models with Python
295,A Gentle Introduction to Autocorrelation and Partial Autocorrelation
296,How to Work Through a Time Series Forecast Project
297,Time Series Forecasting Performance Measures With Python
298,How to Decompose Time Series Data into Trend and Seasonality
299,How to Make Predictions for Time Series Forecasting with Python
300,How to Use Power Transforms for Time Series Forecast Data with Python
301,How to Reframe Your Time Series Forecasting Problem
302,A Gentle Introduction to the Random Walk for Times Series Forecasting with Python
303,How to Grid Search ARIMA Model Hyperparameters with Python
304,Machine Learning Books
305,A Gentle Introduction to the Box-Jenkins Method for Time Series Forecasting
306,How to Model Residual Errors to Correct Time Series Forecasts with Python
307,How to Create an ARIMA Model for Time Series Forecasting in Python
308,How to Visualize Time Series Residual Forecast Errors with Python
309,Time Series Data Visualization with Python
310,Autoregression Models for Time Series Forecasting With Python
311,How to Check if Time Series Data is Stationary with Python
312,"Moving Average Smoothing for Data Preparation, Feature Engineering, and Time Series Forecasting with Python"
313,How to Make Baseline Predictions for Time Series Forecasting with Python
314,How to Identify and Remove Seasonality from Time Series Data with Python
315,How to Use and Remove Trend Information from Time Series Data in Python
316,How To Backtest Machine Learning Models for Time Series Forecasting
317,How To Resample and Interpolate Your Time Series Data With Python
318,Basic Feature Engineering With Time Series Data in Python
319,How to Normalize and Standardize Time Series Data in Python
320,How to Load and Explore Time Series Data in Python
321,How to Go From Working in a Bank To Hired as Senior Data Scientist at Target
322,Time Series Forecasting as Supervised Learning
323,What Is Time Series Forecasting?
324,7 Time Series Datasets for Machine Learning
325,5 Top Machine Learning Podcasts
326,10 Standard Datasets for Practicing Applied Machine Learning
327,Machine Learning Performance Improvement Cheat Sheet
328,Top Books on Time Series Forecasting With R
329,What is a Confusion Matrix in Machine Learning
330,How to Implement Stacked Generalization (Stacking) From Scratch With Python
331,How to Implement Random Forest From Scratch in Python
332,How to Implement Bagging From Scratch With Python
333,How To Implement The Decision Tree Algorithm From Scratch In Python
334,How to Implement the Backpropagation Algorithm From Scratch In Python
335,How To Implement Learning Vector Quantization From Scratch With Python
336,How To Implement The Perceptron Algorithm From Scratch In Python
337,Python is the Growing Platform for Applied Machine Learning
338,How To Implement Logistic Regression With Stochastic Gradient Descent From Scratch With Python
339,How to Implement Linear Regression With Stochastic Gradient Descent From Scratch With Python
340,How To Implement Simple Linear Regression From Scratch With Python
341,How To Create an Algorithm Test Harness From Scratch With Python
342,How To Implement Baseline Machine Learning Algorithms From Scratch With Python
343,How To Implement Machine Learning Algorithm Performance Metrics From Scratch With Python
344,How to Implement Resampling Methods From Scratch In Python
345,How to Scale Machine Learning Data From Scratch With Python
346,How to Load Machine Learning Data From Scratch In Python
347,The Machine Learning Mastery Method
348,Machine Learning In A Year
349,Stop Coding Machine Learning Algorithms From Scratch
350,How Beginners Get It Wrong In Machine Learning
351,Deploy Your Predictive Model To Production
352,Embrace Randomness in Machine Learning
353,Python Machine Learning Mini-Course
354,7 Step Mini-Course to Get Started with XGBoost in Python
355,How To Improve Deep Learning Performance
356,Stochastic Gradient Boosting with XGBoost and scikit-learn in Python
357,Tune Learning Rate for Gradient Boosting with XGBoost in Python
358,What You Know About Deep Learning Is A Lie
359,How to Train XGBoost Models in the Cloud with Amazon Web Services
360,How to Configure the Gradient Boosting Algorithm
361,A Gentle Introduction to the Gradient Boosting Algorithm for Machine Learning
362,How to Tune the Number and Size of Decision Trees with XGBoost in Python
363,How to Best Tune Multithreading Support for XGBoost in Python
364,Avoid Overfitting By Early Stopping With XGBoost In Python
365,Feature Importance and Feature Selection With XGBoost in Python
366,How to Visualize Gradient Boosting Decision Trees With XGBoost in Python
367,How to Evaluate Gradient Boosting Models with XGBoost in Python
368,How to Save Gradient Boosting Models with XGBoost in Python
369,Data Preparation for Gradient Boosting with XGBoost in Python
370,How to Develop Your First XGBoost Model in Python with scikit-learn
371,A Gentle Introduction to XGBoost for Applied Machine Learning
372,What is Deep Learning?
373,Weka Machine Learning Mini-Course
374,How to Get More Help For the Weka Machine Learning Workbench
375,5 Step Life-Cycle for Neural Network Models in Keras
376,How to Work Through a Regression Machine Learning Project in Weka Step-By-Step
377,How to Grid Search Hyperparameters for Deep Learning Models in Python With Keras
378,How To Work Through a Binary Classification Project in Weka Step-By-Step
379,How To Work Through a Multi-Class Classification Project in Weka
380,Text Generation With LSTM Recurrent Neural Networks in Python with Keras
381,How to Save Your Machine Learning Model and Make Predictions in Weka
382,Data Leakage in Machine Learning
383,How to Tune Machine Learning Algorithms in Weka
384,How To Compare the Performance of Machine Learning Algorithms in Weka
385,Understanding Stateful LSTM Recurrent Neural Networks in Python with Keras
386,How to Use Ensemble Machine Learning Algorithms in Weka
387,Sequence Classification with LSTM Recurrent Neural Networks in Python with Keras
388,How To Use Classification Machine Learning Algorithms in Weka
389,How To Use Regression Machine Learning Algorithms in Weka
390,Time Series Prediction with LSTM Recurrent Neural Networks in Python with Keras
391,How To Estimate A Baseline Performance For Your Machine Learning Models in Weka
392,Time Series Prediction With Deep Learning in Keras
393,How To Estimate The Performance of Machine Learning Algorithms in Weka
394,How to Use Machine Learning Algorithms in Weka
395,8 Inspirational Applications of Deep Learning
396,How to Perform Feature Selection With Machine Learning Data in Weka
397,Deep Learning Courses
398,How To Handle Missing Values In Machine Learning Data With Weka
399,How to Transform Your Machine Learning Data in Weka
400,Crash Course in Recurrent Neural Networks for Deep Learning
401,Applied Deep Learning in Python Mini-Course
402,How to Normalize and Standardize Your Machine Learning Data in Weka
403,Predict Sentiment From Movie Reviews Using Deep Learning
404,Object Recognition with Convolutional Neural Networks in the Keras Deep Learning Library
405,How to Better Understand Your Machine Learning Data in Weka
406,Image Augmentation for Deep Learning With Keras
407,Standard Machine Learning Datasets To Practice in Weka
408,Handwritten Digit Recognition using Convolutional Neural Networks in Python with Keras
409,Crash Course in Convolutional Neural Networks for Machine Learning
410,How To Load CSV Machine Learning Data in Weka
411,Using Learning Rate Schedules for Deep Learning Models in Python with Keras
412,A Tour of the Weka Machine Learning Workbench
413,Dropout Regularization in Deep Learning Models With Keras
414,Display Deep Learning Model Training History in Keras
415,How to Download and Install the Weka Machine Learning Workbench
416,How to Check-Point Deep Learning Models in Keras
417,Rapidly Accelerate Your Progress in Applied Machine Learning With Weka
418,Save and Load Your Keras Deep Learning Models
419,Your First Machine Learning Project in Python Step-By-Step
420,Regression Tutorial with the Keras Deep Learning Library in Python
421,Save and Load Machine Learning Models in Python with scikit-learn
422,Binary Classification Tutorial with the Keras Deep Learning Library
423,Automate Machine Learning Workflows with Pipelines in Python and scikit-learn
424,Ensemble Machine Learning Algorithms in Python with scikit-learn
425,Multi-Class Classification Tutorial with the Keras Deep Learning Library
426,How To Compare Machine Learning Algorithms in Python with scikit-learn
427,Use Keras Deep Learning Models with Scikit-Learn in Python
428,Spot-Check Regression Machine Learning Algorithms in Python with scikit-learn
429,Spot-Check Classification Machine Learning Algorithms in Python with scikit-learn
430,Evaluate the Performance Of Deep Learning Models in Keras
431,Metrics To Evaluate Machine Learning Algorithms in Python
432,Develop Your First Neural Network in Python With Keras Step-By-Step
433,Evaluate the Performance of Machine Learning Algorithms in Python using Resampling
434,Feature Selection For Machine Learning in Python
435,How To Build Multi-Layer Perceptron Neural Network Models with Keras
436,How To Prepare Your Data For Machine Learning in Python with Scikit-Learn
437,Crash Course On Multi-Layer Perceptron Neural Networks
438,Visualize Machine Learning Data in Python With Pandas
439,Understand Your Machine Learning Data With Descriptive Statistics in Python
440,How To Develop and Evaluate Large Deep Learning Models with Keras on Amazon Web Services
441,How To Load Machine Learning Data in Python
442,Introduction to Python Deep Learning with Keras
443,scikit-learn Cookbook Book Review
444,Introduction to Machine Learning with scikit-learn
445,Introduction to the Python Deep Learning Library TensorFlow
446,Crash Course in Python for Machine Learning Developers
447,Introduction to the Python Deep Learning Library Theano
448,Python Ecosystem for Machine Learning
449,Machine Learning Algorithms Mini-Course
450,6 Questions To Understand Any Machine Learning Algorithm
451,Boosting and AdaBoost for Machine Learning
452,Bagging and Random Forest Ensemble Algorithms for Machine Learning
453,Support Vector Machines for Machine Learning
454,Learning Vector Quantization for Machine Learning
455,K-Nearest Neighbors for Machine Learning
456,Popular Deep Learning Libraries
457,Naive Bayes Tutorial for Machine Learning
458,Naive Bayes for Machine Learning
459,Classification And Regression Trees for Machine Learning
460,Deep Learning Books
461,Linear Discriminant Analysis for Machine Learning
462,Logistic Regression Tutorial for Machine Learning
463,Logistic Regression for Machine Learning
464,Linear Regression Tutorial Using Gradient Descent for Machine Learning
465,Simple Linear Regression Tutorial for Machine Learning
466,Linear Regression for Machine Learning
467,Gradient Descent For Machine Learning
468,Overfitting and Underfitting With Machine Learning Algorithms
469,Gentle Introduction to the Bias-Variance Trade-Off in Machine Learning
470,Supervised and Unsupervised Machine Learning Algorithms
471,Parametric and Nonparametric Machine Learning Algorithms
472,How Machine Learning Algorithms Work (they learn a mapping of input to output)
473,How To Talk About Data in Machine Learning (Terminology from Statistics and Computer Science)
474,R Machine Learning Mini-Course
475,Do Not Use Random Guessing As Your Baseline Classifier
476,How To Get Started With Machine Learning in R (get results in one weekend)
477,Machine Learning Evaluation Metrics in R
478,Compare The Performance of Machine Learning Algorithms in R
479,Review of Machine Learning With R
480,Machine Learning Project Template in R
481,Save And Finalize Your Machine Learning Model in R
482,Get Your Data Ready For Machine Learning in R with Pre-Processing
483,Spot Check Machine Learning Algorithms in R (algorithms to try on your next project)
484,Machine Learning Datasets in R (10 datasets you can use right now)
485,How To Load Your Machine Learning Data Into R
486,"How to Build an Ensemble Of Machine Learning Algorithms in R (ready to use boosting, bagging and stacking)"
487,Tune Machine Learning Algorithms in R (random forest case study)
488,Your First Machine Learning Project in R Step-By-Step (tutorial and template for future projects)
489,How to Evaluate Machine Learning Algorithms with R
490,Better Understand Your Data in R Using Visualization (10 recipes you can use today)
491,Better Understand Your Data in R Using Descriptive Statistics (8 recipes you can use today)
492,Super Fast Crash Course in R (for developers)
493,Simple 3-Step Methodology To The Best Machine Learning Algorithm
494,Begin Machine Learning By Finding The Landmarks
495,How To Use R For Machine Learning
496,Use R For Machine Learning
497,Why Implement a Machine Learning Algorithm From Scratch
498,Extend Machine Learning Tools and Demonstrate Mastery
499,Build a Deep Understanding of Machine Learning Tools Using Small Targeted Projects
500,Jump-Start Using Any Machine Learning Tool With Recipes
501,Understand Any Machine Learning Tool Quickly (even if you are a beginner)
502,Map the Landscape of Machine Learning Tools
503,How To Learn Any Machine Learning Tool
504,Machine Learning Tools
505,Basic Concepts in Machine Learning
506,Useful Things To Know About Machine Learning
507,Tour of Real-World Machine Learning Problems
508,How a Beginner Used Small Projects To Get Started in Machine Learning and Compete on Kaggle
509,Philosophy Graduate to Machine Learning Practitioner (an interview with Brian Thomas)
510,How Do I Get Started In Machine Learning? (the short version)
511,Gentle Introduction to Predictive Modeling
512,"How to Use a Machine Learning Checklist to Get Accurate Predictions, Reliably (even if you are a beginner)"
513,Data Science From Scratch: Book Review
514,Find Your Machine Learning Tribe
515,Understand Machine Learning Algorithms By Implementing Them From Scratch (and tactics to get around bad code)
516,Choosing Machine Learning Algorithms: Lessons from Microsoft Azure
517,5 Techniques To Understand Machine Learning Algorithms Without the Background in Mathematics
518,Practice Machine Learning with Datasets from the UCI Machine Learning Repository
519,8 Tactics to Combat Imbalanced Classes in Your Machine Learning Dataset
520,Machine Learning for Programmers
521,Get Paid To Apply Machine Learning
522,Get Started and Make Progress in Machine Learning
523,What To Do During Machine Learning Model Runs
524,Common Pitfalls In Machine Learning Projects
525,Linear Algebra for Machine Learning
526,Machine Learning With Statistical And Causal Methods
527,How To Work Through A Problem Like A Data Scientist
528,How To Get Started In Machine Learning: A Self-Study Blueprint
529,Practical Machine Learning Books for the Holidays: A Quick Look at the New Offerings from O’Reilly
530,Use Random Forest: Testing 179 Classifiers on 121 Datasets
531,Better Naive Bayes: 12 Tips To Get The Most From The Naive Bayes Algorithm
532,How To Implement Naive Bayes From Scratch in Python
533,Lessons Learned from Building Machine Learning Systems
534,Get Your Dream Job in Machine Learning by Delivering Results
535,Assessing and Comparing Classifier Performance with ROC Curves
536,Evaluate Yourself As a Data Scientist and Use The Results To Build Amazing Data Science Teams
537,Understand Your Problem and Get Better Results Using Exploratory Data Analysis
538,Data Management Matters And Why You Need To Take It Seriously
539,How to Become a Data Scientist
540,Crash Course in Statistics for Machine Learning
541,Why Aren’t My Results As Good As I Thought? You’re Probably Overfitting
542,"Machine Learning Q&A: Concept Drift, Better Results and Learning Faster"
543,Hello World of Applied Machine Learning
544,How To Get Baseline Results And Why They Matter
545,Take Control By Creating Targeted Lists of Machine Learning Algorithms
546,Don’t Start with Open-Source Code When Implementing Machine Learning Algorithms
547,How To Investigate Machine Learning Algorithm Behavior
548,How to Research a Machine Learning Algorithm
549,Model Selection Tips From Competitive Machine Learning
550,How to Study Machine Learning Algorithms
551,5 Machine Learning Areas You Should Be Cultivating
552,16 Options To Get Started and Make Progress in Machine Learning and Data Science
553,Building a Production Machine Learning Infrastructure
554,An Introduction to Feature Selection
555,Discover the Methodology and Mindset of a Kaggle Master: An Interview with Diogo Ferreira
556,How to Build an Intuition for Machine Learning Algorithms
557,A Data-Driven Approach to Choosing Machine Learning Algorithms
558,"Discover Feature Engineering, How to Engineer Features and How to Get Good at It"
559,Compare Models And Select The Best Using The Caret R Package
560,Feature Selection with the Caret R Package
561,Tuning Machine Learning Models Using the Caret R Package
562,Data Visualization with the Caret R package
563,Caret R Package for Applied Predictive Modeling
564,Tutorial To Implement k-Nearest Neighbors in Python From Scratch
565,Benefits of Implementing Machine Learning Algorithms From Scratch
566,Review of Applied Predictive Modeling
567,How To Get Started With Machine Learning Algorithms in R
568,How To Estimate Model Accuracy in R Using The Caret Package
569,Machine Learning Newsletters
570,Convex Optimization in R
571,Non-Linear Classification in R with Decision Trees
572,What is R
573,5 Benefits of Competitive Machine Learning
574,Master Kaggle By Competing Consistently
575,Going Beyond Predictions
576,How to Kick Ass in Competitive Machine Learning
577,How To Get Better At Machine Learning
578,Non-Linear Classification in R
579,Linear Classification in R
580,Clever Application Of A Predictive Model
581,Improve Model Accuracy with Data Pre-Processing
582,Model Prediction Accuracy Versus Interpretation in Machine Learning
583,Non-Linear Regression in R with Decision Trees
584,Non-Linear Regression in R
585,Penalized Regression in R
586,Linear Regression in R
587,Applied Machine Learning Lessons from A Case Study of Passenger Survival Prediction
588,Java Machine Learning
589,How to Tune Algorithm Parameters with Scikit-Learn
590,Feature Selection in Python with Scikit-Learn
591,Rescaling Data for Machine Learning in Python with Scikit-Learn
592,How to Load Data in Python with Scikit-Learn
593,Data Science Screencasts: A Data Origami Review
594,Machine Learning is Kaggle Competitions
595,Machine Learning Communities
596,Books for Machine Learning with R
597,Practical Advice for Getting Started in Machine Learning
598,Quick and Dirty Data Analysis with Pandas
599,Prepare Data for Machine Learning in Python with Pandas
600,Machine Learning Algorithm Recipes in scikit-learn
601,The Best Machine Learning Algorithm
602,Computer Hardware for Machine Learning
603,How I Got Started In Machine Learning
604,Machine Learning for Money
605,Work on Machine Learning Problems That Matter To You
606,Build a Machine Learning Portfolio
607,What Is Holding You Back From Your Machine Learning Goals?
608,The Missing Roadmap to Self-Study Machine Learning
609,Data Cleaning: Turn Messy Data into Tidy Data
610,The Data Analytics Handbook: Researchers and Academics Review
611,Machine Learning with Quantum Computers
612,Machine Learning that Matters
613,Bootstrapping Machine Learning: Book Review
614,Lessons for Machine Learning from Econometrics
615,"Using OpenCV, Python and Template Matching to play “Where’s Waldo?”"
616,The Data Analytics Handbook: CEOs and Managers
617,How to Layout and Manage Your Machine Learning Project
618,Best Programming Language for Machine Learning
619,The Seductive Trap of Black-Box Machine Learning
620,IPython from the shell to a book with a single tool with Fernando Perez
621,How to Get Started with Machine Learning in Python
622,The Data Analytics Handbook: Data Analysts and Data Scientists
623,Bootstrapping Machine Learning: An Upcoming Book on Prediction APIs
624,A Gentle Introduction to Scikit-Learn: A Python Machine Learning Library
625,Python Machine Learning Books
626,Case Study: Predicting the Onset of Diabetes Within Five Years (part 3 of 3)
627,Introduction to Bayesian Networks with Jhonatan de Souza Oliveira
628,BigML Tutorial: Develop Your First Decision Tree and Make Predictions
629,Case Study: Predicting the Onset of Diabetes Within Five Years (part 2 of 3)
630,Project Spotlight: Face Recognition with Shashank Singh
631,BigML Review: Discover the Clever Features in This Machine Learning as a Service Platform
632,Case Study: Predicting the Onset of Diabetes Within Five Years (part 1 of 3)
633,5 Steps to Thinking Like a Designer in Machine Learning
634,Machine Learning Tips from a World Class Practitioner: Phil Brierley
635,Classification Accuracy is Not Enough: More Performance Measures You Can Use
636,Project Spotlight: Event Recommendation in Python with Artem Yankov
637,Market Basket Analysis with Association Rule Learning
638,Project Spotlight: Stack Exchange Clustering using Mahout with Konstantin Slisenko
639,Feature Selection to Improve Accuracy and Decrease Training Time
640,"Biggest Mistake I Made When Starting Machine Learning, And How To Avoid It"
641,Template for Working through Machine Learning Problems in Weka
642,"A Simple Intuition for Overfitting, or Why Testing on Training Data is a Bad Idea"
643,4-Steps to Get Started in Machine Learning: The Top-Down Strategy for Beginners to Start and Practice
644,"Improve Machine Learning Results with Boosting, Bagging and Blending Ensemble Methods in Weka"
645,How to Tune a Machine Learning Algorithm in Weka
646,Quick and Dirty Data Analysis for your Machine Learning Problem
647,Design and Run your First Experiment in Weka
648,How To Choose The Right Test Options When Evaluating Machine Learning Algorithms
649,How to Run Your First Classifier in Weka
650,Applied Machine Learning Process
651,Why you should be Spot-Checking Algorithms on your Machine Learning Problems
652,What is the Weka Machine Learning Workbench
653,How to get the most from Machine Learning Books and Courses
654,5 Mistakes Programmers Make when Starting in Machine Learning
655,6 Practical Books for Beginning Machine Learning
656,How to Implement a Machine Learning Algorithm
657,Applied Machine Learning is a Meritocracy
658,What if I’m Not a Good Programmer
659,What if I Don’t Have a Degree
660,What If I Am Not Good At Mathematics
661,How to Learn a Machine Learning Algorithm
662,Hands on Big Data by Peter Norvig
663,Reproducible Machine Learning Results By Default
664,What is Data Mining and KDD
665,4 Self-Study Machine Learning Projects
666,How to Use Machine Learning Results
667,How to Identify Outliers in your Data
668,How to Improve Machine Learning Results
669,How to Evaluate Machine Learning Algorithms
670,How to Prepare Data For Machine Learning
671,How to Define Your Machine Learning Problem
672,"Data, Learning and Modeling"
673,Where Does Machine Learning Fit In?
674,Programmers Should Get Into Machine Learning
675,Machine Learning is Popular Right Now
676,Machine Learning is Fascinating
677,Machine Learning Matters
678,Self-Study Guide to Machine Learning
679,Why Get Into Machine Learning?
680,Programmers Can Get Into Machine Learning
681,Best Machine Learning Resources for Getting Started
682,A Tour of Machine Learning Algorithms
683,Practical Machine Learning Problems
684,What is Machine Learning?
